simulation,n,T_mse,S_mse,X_mse
simF,5000,10.13101751645409,11.415614033356288,10.13507830973239
simF,10000,10.049870589305147,11.3712921601611,10.045395987435592
simF,20000,10.04653853887475,11.393779507820302,10.043474233214507
simF,100000,10.005322239553653,11.356325950722711,10.001539721606054
simF,300000,9.983411249867467,11.342647486429067,9.979358605570336
