simulation,n,T_mse,S_mse,X_mse
simF,5000,6.092439847737305,6.083574155802589,5.807398008047935
simF,10000,5.984661553411439,5.983287829797668,5.750729550395103
simF,20000,5.942292481336779,5.9341324854628414,5.768064199177003
simF,100000,5.8516622976255706,5.848487668633055,5.772250164558876
simF,300000,5.813099821172128,5.812919147961395,5.771014082884632
