ci_type,coverage,mean_length
paper,0.38952,1.5125670212401945
percentile,0.09119,0.4065197783784935
basic,0.09131,0.4065197783784935
normal,0.0943,0.42138507425924376
