ci_type,coverage,mean_length
paper,0.0,0.3896972441229067
percentile,0.0,0.1041336778476043
basic,0.0,0.1041336778476043
normal,0.0,0.10641777900718985
