ci_type,coverage,mean_length
paper,0.39927,1.536709045202707
percentile,0.09635,0.42741028784576746
basic,0.09649,0.42741028784576746
normal,0.09657,0.4277742606724888
