ci_type,coverage,mean_length
order1norm,0.08624,0.3773801912837951
paper,0.35191,1.3585827560983574
percentile,0.08657,0.37729091381392377
basic,0.08569,0.37729091381392377
normal,0.08651,0.3773801912837951
