ci_type,coverage,mean_length
order1norm,0.02331,0.12984290588931555
paper,0.09762,0.5585402325387073
percentile,0.02309,0.1284548475533284
basic,0.02308,0.1284548475533284
normal,0.02335,0.12984290588931557
