ci_type,coverage,mean_length
paper,0.3061,2.1578609223775533
percentile,0.07286,0.507325262120378
basic,0.07266,0.507325262120378
normal,0.0729,0.5079201394827159
