ci_type,coverage,mean_length
paper,0.30368,2.1408989484806846
percentile,0.07176,0.5012245439799392
basic,0.07181,0.5012245439799393
normal,0.07229,0.5038030893285513
