ci_type,coverage,mean_length
order1norm,0.09654,0.4279636497712658
paper,0.39948,1.5373941807434786
percentile,0.09646,0.4276779272229703
basic,0.09644,0.4276779272229703
normal,0.0966,0.42796364977126583
