ci_type,coverage,mean_length
paper,0.34943,1.354194782316969
percentile,0.08545,0.3750939776392235
basic,0.08487,0.37509397763922353
normal,0.08592,0.3763964036614425
