ci_type,coverage,mean_length
order1norm,0.0,0.1061406118741086
paper,0.0,0.3886800579180219
percentile,0.0,0.10500929244467241
basic,0.0,0.10500929244467241
normal,0.0,0.10614061187410861
