ci_type,coverage,mean_length
order1norm,0.07297000000000001,0.5081494549108264
paper,0.3064,2.1585256792936924
percentile,0.07281,0.5078074943280773
basic,0.07277,0.5078074943280773
normal,0.07289,0.5081494549108264
