ci_type,coverage,mean_length
paper,0.09675,0.5535239317303183
percentile,0.0232,0.1291715486687509
basic,0.02322,0.1291715486687509
normal,0.02313,0.12867621446667954
