ci_type,coverage,mean_length
paper,0.09638,0.5516411350277625
percentile,0.02349,0.13110802819066894
basic,0.02348,0.13110802819066894
normal,0.02301,0.12822898889110235
