ci_type,coverage,mean_length
paper,0.0,0.38697561615317866
percentile,0.0,0.10550905627637167
basic,0.0,0.10550905627637167
normal,0.0,0.10568227069961189
