ci_type,coverage,mean_length
paper,0.30825,2.178247871250027
percentile,0.07136,0.49385545126931707
basic,0.07101,0.49385545126931707
normal,0.07366,0.5124506997456717
