ci_type,coverage,mean_length
paper,0.27164,1.9017680359108822
percentile,0.06382,0.4452999749744189
basic,0.06421,0.4452999749744189
normal,0.06428,0.44716086682384854
