ci_type,coverage,mean_length
paper,0.27286,1.909828236736041
percentile,0.0645,0.448895713873895
basic,0.06494,0.448895713873895
normal,0.06451,0.4491850146951118
