ci_type,coverage,mean_length
paper,0.09436,0.5382336881671996
percentile,0.02328,0.12946333307521843
basic,0.02326,0.12946333307521843
normal,0.02238,0.1251115770055513
