ci_type,coverage,mean_length
paper,0.27609,1.9309360157320028
percentile,0.063,0.43739893604900654
basic,0.06322,0.43739893604900654
normal,0.06542,0.4539216554554189
