ci_type,coverage,mean_length
paper,0.35349,1.3704650085726267
percentile,0.08409,0.36737313258469906
basic,0.08308,0.36737313258469906
normal,0.08677,0.3810256333970564
