ci_type,coverage,mean_length
paper,0.35185,1.3590790963708235
percentile,0.0865,0.3773307203039775
basic,0.0857,0.3773307203039775
normal,0.08649,0.3775488780698525
