ci_type,coverage,mean_length
paper,0.0,0.41562432733105803
percentile,0.0,0.10441862819615777
basic,0.0,0.10441862819615777
normal,0.0,0.11351992618463844
