ci_type,coverage,mean_length
paper,0.89998,1.416803634185453
percentile,0.95793,0.40713389777281334
basic,0.80446,0.40713389777281334
normal,0.9566,0.40730014426839684
