ci_type,coverage,mean_length
paper,0.32127,2.114947109827697
percentile,0.07869,0.503690536819419
basic,0.07899,0.503690536819419
normal,0.07879,0.5037578783457967
