ci_type,coverage,mean_length
paper,0.32139,2.115992297019317
percentile,0.0786,0.5024174969178723
basic,0.07871,0.5024174969178723
normal,0.07882,0.504069433599107