ci_type,coverage,mean_length
paper,0.89998,1.4172071513874311
percentile,0.95812,0.4072129088835754
basic,0.81171,0.4072129088835754
normal,0.95674,0.40745305167669676
