ci_type,coverage,mean_length
paper,0.89998,1.422637721916225
percentile,0.95827,0.4073887143927277
basic,0.80537,0.4073887143927277
normal,0.95785,0.4089577143799501
