ci_type,coverage,mean_length
paper,0.31746,2.081327892070854
percentile,0.07547,0.48002755938484837
basic,0.07672,0.48002755938484837
normal,0.07821,0.4969154496657654
