ci_type,coverage,mean_length
paper,0.3223,2.1134666068384957
percentile,0.07832,0.5015710331533942
basic,0.07952,0.5015710331533942
normal,0.07855,0.5032984884197422
