ci_type,coverage,mean_length
paper,0.9,0.6513577658236244
percentile,0.99061,0.18627904396203995
basic,0.83609,0.18627904396203995
normal,0.99662,0.19315608614990998
