ci_type,coverage,mean_length
paper,0.9,0.6434052807117123
percentile,0.9954,0.19020075835064745
basic,0.85142,0.19020075835064745
normal,0.99728,0.1913011271019908
