ci_type,coverage,mean_length
paper,0.31603,2.0789744270806807
percentile,0.07539,0.47961149415897225
basic,0.07544,0.47961149415897225
normal,0.07774,0.4967416959510632
