ci_type,coverage,mean_length
paper,0.89998,1.4393599670613204
percentile,0.94346,0.39837912573892204
basic,0.79599,0.39837912573892204
normal,0.95482,0.41290895824277724
