ci_type,coverage,mean_length
paper,0.22838,1.4759540926544026
percentile,0.0554,0.3559370319230252
basic,0.05613,0.3559370319230252
normal,0.05552,0.35690142990482304
