ci_type,coverage,mean_length
paper,0.89998,1.4236662771951556
percentile,0.9585,0.4076837752055341
basic,0.81177,0.4076837752055341
normal,0.95865,0.4093868498183935
