ci_type,coverage,mean_length
paper,0.32262,2.1158774101023785
percentile,0.07874,0.5040552806464429
basic,0.0799,0.5040552806464429
normal,0.07858,0.5039038746179301
