ci_type,coverage,mean_length
paper,0.89998,1.4387616221560506
percentile,0.94606,0.39795849008326956
basic,0.80066,0.39795849008326956
normal,0.95667,0.41263071992926464
