ci_type,coverage,mean_length
paper,0.32229,2.113587087404892
percentile,0.07879,0.503232041048228
basic,0.07976,0.503232041048228
normal,0.07859,0.503314566244972
