ci_type,coverage,mean_length
paper,0.22126,1.4257580414104984
percentile,0.05199,0.33612995650794547
basic,0.05343,0.33612995650794547
normal,0.0542,0.34780334127548607
