ci_type,coverage,mean_length
paper,0.32162,2.116563241151368
percentile,0.0789,0.5042780372008289
basic,0.07909,0.5042780372008289
normal,0.07868,0.5041300966973445
