,coverage,mean_length
order1norm,0.83481,19.682755288197527
